rating,rating_flavor,rating_env,rating_service
1.0,1.538236077804423,1.8038902211564083,1.367439381827871
2.0,1.8579043557721595,2.092293633871459,1.835211696618946
3.0,2.5213759523159904,2.425986945662896,2.390035049425987
4.0,3.3972397190251624,2.998285130099265,2.9941133792830525
5.0,4.31439919303997,3.7263270709872653,3.78760559828521
