activity_group,rating
低 (1-5),3.6059960394054094
中 (6-20),3.556054306633798
高 (>20),3.4764481222151495
